,id,flag,rn,pre_since_opened,pre_since_confirmed,pre_pterm,pre_fterm,pre_till_pclose,pre_till_fclose,pre_loans_credit_limit,pre_loans_next_pay_summ,pre_loans_outstanding,pre_loans_total_overdue,pre_loans_max_overdue_sum,pre_loans_credit_cost_rate,pre_loans5,pre_loans530,pre_loans3060,pre_loans6090,pre_loans90,is_zero_loans5,is_zero_loans530,is_zero_loans3060,is_zero_loans6090,is_zero_loans90,pre_util,pre_over2limit,pre_maxover2limit,is_zero_util,is_zero_over2limit,is_zero_maxover2limit,enc_paym_0,enc_paym_1,enc_paym_2,enc_paym_3,enc_paym_4,enc_paym_5,enc_paym_6,enc_paym_7,enc_paym_8,enc_paym_9,enc_paym_10,enc_paym_11,enc_paym_12,enc_paym_13,enc_paym_14,enc_paym_15,enc_paym_16,enc_paym_17,enc_paym_18,enc_paym_19,enc_paym_20,enc_paym_21,enc_paym_22,enc_paym_23,enc_paym_24,enc_loans_account_holder_type,enc_loans_credit_status,enc_loans_credit_type,enc_loans_account_cur,pclose_flag,fclose_flag
id,1.0,0.0031242613444547613,0.03380298872999418,0.013482428581918582,-0.0032974467528355898,0.0032645941339092184,0.0031951966318019193,0.0034354562873178613,-0.004716357221213642,-0.0070805673747554015,-0.012763006621337962,-0.011586211543676145,-2.2793137132616704e-05,-0.005500882747331585,0.009927536948364287,-0.0033551256699158524,-0.0022267293679508024,0.0032503282917717537,-0.0019599453964354936,0.008032574467920488,0.022610171600169184,-0.01165182805798683,-0.009379467990827825,-0.013574673672884017,-0.0140252226757495,0.0006029576883385155,0.020426508047067082,-0.0014648013883725047,-0.0019529162959939655,-0.023441694946316198,0.00673359219563061,-0.009210182461244025,-0.004361737880784276,-0.004139603413118517,-0.00553629193306558,-0.01092531756385517,-0.011421126589694611,-0.019418397069084443,-0.015453828237413455,-0.01789178188977486,-0.019017128257082065,-0.024532188589699203,-0.020452178142315727,-0.026277357161468826,-0.01851413275822693,-0.016455687202516438,-0.014599145241284549,-0.012982280255251208,-0.011404213361596941,-0.010629570809045185,-0.008436223416313329,-0.00698556792080674,-0.005746572876217982,-0.004693622230360878,-0.0041309329145574215,-0.015422446452889533,0.009642517763383006,0.003980570808787055,0.1040550024726499,-0.003902599458240828,-0.017390942810302793,-0.015190009952314598
flag,0.0031242613444547613,1.0,0.005167287704379995,0.0029101582132635517,-0.004697478717846432,-0.008036851093566302,-0.007875950122228139,0.0015309837630991447,0.004937376052296143,0.010135158295763813,-0.0009248947119650284,0.007917909526605073,0.0011383807571388694,-0.006735398425707087,0.00014837707803496195,-0.007829451000937317,-0.0071534362618591784,0.005181940735503785,-0.0027271540671356177,0.006545306328765761,-0.013607281335655896,-0.026133129928753485,-0.031316456694662057,-0.02950912521154052,-0.031073010155927828,-0.01482486853143594,0.007683258973371853,-0.010623833097180964,-0.015023135756061025,-0.005117119446873899,-0.014108011419124837,0.02881419082419207,0.041081763724826165,0.043101635321415456,0.04006424678280998,0.036669585628661405,0.03373164797129089,0.03057308196016685,0.028647847674089157,0.027421887681812286,0.026385480985406967,0.024666923591567108,0.023513492878483023,0.022532671826751387,0.02230911586962117,0.022197303313085084,0.021990219285457895,0.021775670136333348,0.021354902341426653,0.020952011741618273,0.020605575140742235,0.02006768155363058,0.019548445066832926,0.018947459850435795,0.01839386064424053,0.013910010677025218,-0.007219531121691858,-0.003365152609485376,0.024844677543399703,-0.00296155687512469,0.0007020206092861887,0.007571030131160407
rn,0.03380298872999418,0.005167287704379995,1.0,-0.07633433926512971,-0.014462287876069806,-0.0344200941224862,-0.028001107933464924,0.052174662323995306,0.09422737241547131,0.00048671847744735544,0.022369191728809024,-0.01725689890094518,-0.00024008245006571082,-0.019471346218906196,0.10584241086542097,0.014208813961081533,0.022789349263647306,-0.004411737208763555,0.001846602216732638,-0.009771524810156659,0.04020485783865668,0.06862310254821592,0.0859023243144959,0.070146174859531,0.06985122573756072,-0.11090492416987956,-0.022815252873957585,0.04751621859529544,-0.14537174181678308,0.028218185156506773,0.05074525971973275,0.023403192674905295,0.08233260958832286,0.12876475679163907,0.1431804001427483,0.15054523352501079,0.15032366618434606,0.1431303231717089,0.13725359931901723,0.138877047320751,0.13891906538558302,0.13301715024062175,0.12546153097548396,0.11882009923809753,0.11382170760535025,0.11618996924635798,0.11889040320321989,0.12135190481432924,0.12347114503799457,0.12486566443720577,0.12643678231792196,0.1278939072976979,0.12928572794014542,0.13032100926441856,0.13057168345821188,0.11328092289867125,-0.014268471838206665,-0.1608988374108874,0.09410889649332999,-0.032370176458461256,-0.004723971920919461,0.09894155125175971
pre_since_opened,0.013482428581918582,0.0029101582132635517,-0.07633433926512971,1.0,-0.0010195135128254825,0.00013576313333407223,0.0009624954737748375,-0.046011204281180634,-0.016642953864097934,0.0028335043791807533,0.0038167244936748402,-0.0010497788499995119,0.0002470720936686442,0.0061349895400024425,-0.03303672662171993,0.00016096796126948437,-0.005972267972155886,6.656249171456588e-05,9.261903910076097e-05,0.005760542743684021,0.005358950520751823,-0.0007990404234458331,-0.03962713427804801,-0.03760849351782033,-0.039986069894989366,-0.009831652852226907,0.0027976676009978723,0.00045660508695562766,0.0013435373196527723,-0.0023800395740760814,0.00964062785864045,0.03616630985647484,0.06312735845672164,0.08528624878771476,0.12577917203061142,0.15603139254412776,0.16203493154345178,0.14517181447209557,0.13041007201071184,0.11936840846466168,0.1130356604222889,0.10494765303653675,0.08857630989286679,0.06245289418912874,0.03745554620847792,0.01714534029508053,0.000739728682023331,-0.013387794349779505,-0.02458795882273968,-0.02974464962410132,-0.02905795350437301,-0.026702168023129667,-0.025029478799021475,-0.026817753494499302,-0.03175856109057618,-0.035225697209776224,-0.0012650544655779064,0.020270748171568858,0.009967108431725595,0.025099352363173295,-0.021722634184743298,-0.023312940982480684
pre_since_confirmed,-0.0032974467528355898,-0.004697478717846432,-0.014462287876069806,-0.0010195135128254825,1.0,0.0001452135462159044,0.01463094987299608,0.05314857882309004,-0.13027741734596437,0.0014107914273354335,-0.007806979348071642,0.010017068270977165,-5.220033829831114e-05,-0.003289898479442998,-0.0060649629161938735,-0.0030533188546210564,0.0023676707909496063,0.0005518235352051635,-0.00042351079766379113,0.00045800223546892257,-0.0229276962167562,0.01312906850245274,0.0017851218260258655,0.001942450068380255,0.004691245022909037,-0.0028311514174602674,0.011024203754837331,-0.0045307311006841456,-0.0020774746282465964,-0.012229247530215336,-0.0035826423559826865,0.0010432653274433813,-0.012138052314343365,-0.013407651536939635,-0.015668220296916946,-0.015012521450037583,-0.017041923649729056,-0.014644868964705548,-0.017291714851162533,-0.016341436151802776,-0.01644163085910944,-0.013525987400048274,-0.01590701550693496,-0.011314897755508958,-0.014771324688631463,-0.01444552949778012,-0.014671001647035999,-0.01473520377601304,-0.014600246799423653,-0.01401246424022168,-0.014128593628762379,-0.013520525259193037,-0.01305173042632941,-0.012241136749774792,-0.011066324585890389,-0.006846439183035973,-0.004932196137565685,0.03247921094021921,-0.04121892652401596,-0.006669190343354559,0.009792031586387175,-0.02952147770684039
pre_pterm,0.0032645941339092184,-0.008036851093566302,-0.0344200941224862,0.00013576313333407223,0.0001452135462159044,1.0,0.0634656115962227,0.201673215231777,-0.0658915952515394,-0.01926664233957842,-0.028492417018222072,-0.00933047772084251,0.0002663379686996327,-0.004093039005327091,0.003686161532021705,0.029882971929956252,0.017942697411805233,-0.004587364062190946,0.0016496590685273205,-0.00815713479378516,0.00422292791772663,-0.011960535811771957,0.0007950420916265763,-0.000848502565181562,0.0033233898592807403,0.0926792214917304,-0.06737925898719663,0.053036500823174945,0.11398229751027208,0.07934133398462608,0.09911039839321907,-0.07729706327174668,-0.09541711327841725,-0.11413682000669075,-0.12165174136383242,-0.1219462587175044,-0.11454828051927145,-0.11058601791544807,-0.1064895058235226,-0.09511246411273358,-0.07739181376489761,-0.047409412444914874,-0.014690233642746256,0.03248507063342964,0.07987906566418529,0.09442152774646524,0.1012626168625068,0.10643176109338473,0.11015313984701333,0.11536787477794416,0.1195645413788682,0.12075720354472816,0.12179081278656971,0.12248600189400374,0.12232787991571295,0.06733745412666943,-0.0437675118004255,0.15202927124465077,0.13027479754065974,0.008186930967994749,-0.33798462528228634,-0.2160667242097788
pre_fterm,0.0031951966318019193,-0.007875950122228139,-0.028001107933464924,0.0009624954737748375,0.01463094987299608,0.0634656115962227,1.0,0.07326778714051788,0.0252189816466675,-0.010870009434593875,-0.00431068130511587,0.024074150945947174,0.0003676619993198089,-0.020434476308321688,0.028481538112868954,-0.011458962879409486,-0.027308873773745402,0.0035833967034552224,-0.0005996522031090389,-5.959858153267215e-05,-0.054396304393310065,-0.046747442064712555,-0.03431040793723478,-0.03170082411373349,-0.03094607907339862,-0.0028778800954003744,0.005430880588882984,0.00615378230856275,-0.013984697365014443,-0.005491116953234943,-0.03426823946096469,0.0013502784386159334,-0.05992629007041426,-0.09425788836871239,-0.11527010860258105,-0.1208879541765581,-0.10353610406685093,-0.10535194823141772,-0.11867764952737545,-0.15444770553160983,-0.1988647041866967,-0.27534730933889456,-0.3436297163347839,-0.3304736063161487,-0.30860508705710277,-0.2886455366919548,-0.26817995311786824,-0.24974799782590365,-0.2319574012582158,-0.21032893342214545,-0.1932482040491881,-0.18569916299220934,-0.17984696368287167,-0.17389268230928603,-0.16667209569831806,-0.11514575835470196,-0.006852129985930235,0.012175548796246436,0.0029321754351307517,0.01642748240518081,0.018920579918210518,-0.04054846109810323
pre_till_pclose,0.0034354562873178613,0.0015309837630991447,0.052174662323995306,-0.046011204281180634,0.05314857882309004,0.201673215231777,0.07326778714051788,1.0,-0.05978896881571612,0.0012207866213789474,-0.043173724944549685,0.017339822288197415,-0.0001320106874956214,-0.02393466939095846,0.0484412180656112,-0.02152957282693879,0.02416567097618118,0.005761001158137153,-0.001441263676750379,0.0012829550094733873,-0.06269229366726953,0.04560151195378392,0.010741488736480734,0.018313659384566916,0.026668746091997486,0.0668081717964991,-0.0873817580679859,0.1126258349583085,0.07578354686916598,0.09717470001747376,0.14075736783929602,-0.0771745913849229,-0.06628710137536736,-0.04996299875899606,-0.03856276351035427,-0.025695778421617257,-0.020178015578136938,-0.010860981634025359,-0.0036692517221847526,-0.0046086485784445795,-0.006838777554540424,-0.005054320322404305,-0.0016764751510542693,0.007397952464311043,0.015377385369232699,0.015536879365012721,0.014581448453069924,0.014784462941700986,0.015561889896320909,0.017082893694107447,0.017673945000191135,0.016733550347562246,0.015859646162910985,0.015837016441603034,0.01686840741864315,-0.0522425453981385,-0.06973347826152017,0.10387847039093412,0.17547269219703687,-0.0014250152233543053,-0.4935027775325471,-0.1966948584020708
pre_till_fclose,-0.004716357221213642,0.004937376052296143,0.09422737241547131,-0.016642953864097934,-0.13027741734596437,-0.0658915952515394,0.0252189816466675,-0.05978896881571612,1.0,0.009995270442126678,0.00784604303001524,0.03927006907929077,3.2116888075610794e-05,-0.004807085281805451,0.015735083338235274,-0.02469152622553315,0.0003863078306799956,0.0055533654644589845,-0.0018388572692053704,0.0046070708614193,-0.03168467260777454,0.02512691119805374,0.01426626756468137,0.014998108091569881,0.016992897891586204,-0.11742353539044814,0.02902817162586827,-0.01609905741806266,-0.15660943197775012,-0.032291693137026525,-0.027599567798154104,0.006841546463879668,0.008532185334790917,0.015246424361314164,0.012300879439705007,0.007490560335048488,0.003023281936067007,-0.009610391923514951,-0.019140131580537713,-0.021584180913510824,-0.023415831753556007,-0.030527578840690513,-0.0371047785890477,-0.04742904050028663,-0.055170748403378544,-0.0551901636168319,-0.05421309354594562,-0.05347114245616202,-0.05283053000733732,-0.05343539172847378,-0.05361507286216739,-0.052995163333942275,-0.05232660521943143,-0.051922327572096576,-0.052410564025218695,-0.03935317431565157,0.020610583299193557,-0.1989709526975278,-0.026427112069670803,-0.016413951058019273,0.15136202194813786,0.3414864437290631
pre_loans_credit_limit,-0.0070805673747554015,0.010135158295763813,0.00048671847744735544,0.0028335043791807533,0.0014107914273354335,-0.01926664233957842,-0.010870009434593875,0.0012207866213789474,0.009995270442126678,1.0,-0.011489961245627256,0.06844550303238799,-0.00028295614101340647,0.006547258729744563,-0.04321309895377947,0.00044394324082536326,0.000612510008989346,-0.000132719584106516,-5.9046012646400566e-05,0.0015063203854274903,0.007395462785266266,-0.0066044415126741834,-0.003909213923956407,-0.0039750722282264435,-0.0037846640602480974,0.036198222774352376,-0.01009109462750912,0.004500094190739863,0.045612683386846195,0.012470469364848594,0.005202214629654701,0.017535909512587246,0.027131055209953132,0.031606497454019285,0.03399234580963094,0.0367282461241401,0.038264880018399706,0.0389718744459326,0.04021841241895659,0.03898390187537257,0.03794624699454191,0.03776957215779695,0.03808593013975068,0.038204850912615045,0.03865969502400425,0.0377747288468772,0.03685063788247591,0.03581428697577235,0.034817334904545076,0.034064986909399686,0.03343670478468468,0.03270956389042652,0.03185299985293716,0.03113057551944099,0.03050851070095845,0.031997084176420436,-0.06923955671847964,0.022338286177233574,0.10972905617080256,-0.02490528624390272,0.03273374758554094,-0.0018896238956899504
pre_loans_next_pay_summ,-0.012763006621337962,-0.0009248947119650284,0.022369191728809024,0.0038167244936748402,-0.007806979348071642,-0.028492417018222072,-0.00431068130511587,-0.043173724944549685,0.00784604303001524,-0.011489961245627256,1.0,-0.05264143637981344,0.0004334616061101419,0.0415356253998938,0.0759345579790818,0.011249894074528203,-0.008376325115666376,-0.0034368386382857795,0.0012380183551331052,-0.0049528436396925795,0.047737088135776054,-0.0361402720976116,0.03769685307358013,0.032017439821556234,0.03111216061686409,-0.11112891679960177,-0.05765165458800919,0.018900531909574636,-0.14099019223836717,0.06621567324827811,-0.019358649656448148,-0.0015803802766341667,-0.007712500831985917,-0.011340558600886723,-0.004851493085823654,0.0006340109052224666,0.004217626841527723,0.014965102740022763,0.012231880238162995,0.0149680832729115,0.016788301578514898,0.02180358653445148,0.01828139436517488,0.021869652012520554,0.014596618714101556,0.01418709980233705,0.015595456695854715,0.016941854002433695,0.01809607193579742,0.019647599214230538,0.019922476457391928,0.020592010649361978,0.02161276908237905,0.022692058370181675,0.023718410158626177,0.06418461731504728,0.01180743101571847,-0.13723164173252236,-0.034299191083295946,-0.003376009105531856,0.07697772655800558,0.03760703128058448
pre_loans_outstanding,-0.011586211543676145,0.007917909526605073,-0.01725689890094518,-0.0010497788499995119,0.010017068270977165,-0.00933047772084251,0.024074150945947174,0.017339822288197415,0.03927006907929077,0.06844550303238799,-0.05264143637981344,1.0,-0.0006027651288876369,0.0021502157666033125,-0.07113541369713804,-0.006823065891502106,-0.008422773559154233,0.0005167999247393437,0.00010784593640134828,0.0015103369025763404,-0.010532759049226154,-0.01861004352709771,-0.005681237306692894,-0.0029074745163482755,-0.0025777459147098745,0.005269383580933832,-0.0058145091139987495,0.0035167908301955804,0.007469336493229157,0.009236502196088542,-0.006135008331590411,-0.01696407471228699,-0.010630458424281574,-0.010142396225875932,-0.011776678292811538,-0.01260877636869392,-0.012828618808778251,-0.012996099744819165,-0.013414809159019086,-0.013675208081491814,-0.01424358475150497,-0.014880175954036217,-0.015894165617984488,-0.016932043488928943,-0.01764919131128625,-0.018311575141230396,-0.018962738253764592,-0.019345108094537582,-0.019693142844928443,-0.019701539542527395,-0.019781873932134854,-0.019802589276845816,-0.01969380861569434,-0.019766340069463772,-0.019830423702480497,-0.011044501015146334,-0.11983681811606942,0.012285999290834612,0.12665403937723163,-0.0018412287324203994,0.0410612720122683,0.01869827145562216
pre_loans_total_overdue,-2.2793137132616704e-05,0.0011383807571388694,-0.00024008245006571082,0.0002470720936686442,-5.220033829831114e-05,0.0002663379686996327,0.0003676619993198089,-0.0001320106874956214,3.2116888075610794e-05,-0.00028295614101340647,0.0004334616061101419,-0.0006027651288876369,1.0,-0.0015418697224088773,-0.0001683526098430261,1.4157537886355446e-05,2.3327409326536464e-05,-3.845201466158091e-06,1.542469622892805e-06,-4.903902144374976e-06,6.365754229432607e-05,9.632475074068774e-05,4.5518079552068295e-05,3.431428765586728e-05,3.391756657793669e-05,-0.0006748644073759851,-5.2867069691141645e-05,7.050757444979166e-05,-0.0003253108951127987,-0.000781143350632572,-0.0005266376582950785,-5.6025737777026036e-05,-8.791941049205187e-05,-0.00010340917629151342,-0.00011751834309229203,-0.0001317976949726685,-0.00014620489121139582,-0.00016415163046810873,-0.00018262681270696766,-0.00019688857014204362,-0.0002114061940504292,0.000205772409049794,0.00018817450725536685,0.00017144367984547477,0.00015682935624363007,0.00014949709407367654,0.00014387117990727845,0.00013884456693094119,0.0001341487146739081,0.00012921215508345088,0.00012473406011873135,0.00012090596285437839,0.00011734643837493748,0.00011381631193752977,0.00011005132681261069,9.349988687130986e-05,-2.4093137938571275e-05,0.00013110474348509217,9.944578976314573e-05,0.004417758359002588,-8.835152436425927e-05,-0.00011745192764757014
pre_loans_max_overdue_sum,-0.005500882747331585,-0.006735398425707087,-0.019471346218906196,0.0061349895400024425,-0.003289898479442998,-0.004093039005327091,-0.020434476308321688,-0.02393466939095846,-0.004807085281805451,0.006547258729744563,0.0415356253998938,0.0021502157666033125,-0.0015418697224088773,1.0,0.0014612685149960887,0.0007910233801645094,0.062392005400916904,-0.0015435922504348958,0.0009723722063717596,-0.010078029004858473,-0.01175851773700372,-0.03356739738050587,0.030450437944141304,0.037329114497010915,0.06072248070349607,0.013893289409924053,-0.0355826530562428,0.023320979684747927,0.015120807724579124,0.010125469408619454,-0.0430347022907119,-0.03152825154183481,-0.030052052337114395,-0.031082098893900394,-0.028967548803557445,-0.026242772079440528,-0.023592619613506723,-0.017678304820152365,-0.013882564507728018,-0.01185028326793891,-0.009721754315557756,-0.0035985963339354625,-7.448441274758913e-05,0.0059586102303045415,0.008219649043039911,0.009584294721262389,0.010397495388242738,0.011335656487698223,0.011906015216348646,0.01270153397833168,0.01323878120003491,0.013841926095876268,0.014260861608955908,0.015044869477121013,0.016325828721098255,0.006259086881870167,-0.0033195247577359,-0.00791417182959134,0.002969511049206225,-0.005082751073139358,0.032239954525694774,0.007719067517030291
pre_loans_credit_cost_rate,0.009927536948364287,0.00014837707803496195,0.10584241086542097,-0.03303672662171993,-0.0060649629161938735,0.003686161532021705,0.028481538112868954,0.0484412180656112,0.015735083338235274,-0.04321309895377947,0.0759345579790818,-0.07113541369713804,-0.0001683526098430261,0.0014612685149960887,1.0,0.01152311771097329,-0.0009883494901038996,-0.0030498021520360846,0.0015026996567349463,-0.002745936708864194,0.050849771397894275,-0.023554505892895507,0.04555972217790477,0.036865105304651764,0.039294847744943,-0.0459632738793098,-0.07790268401318343,0.04894550437441616,-0.06263023267225178,0.08679929896640554,0.014160470403047127,-0.02803311184842084,-0.02866325441200831,-0.020229460380380197,-0.009034967732863627,-0.00037869678571924724,0.0038740787371459697,0.014386415141336225,0.016424330955818373,0.019042845046973015,0.019191902072820597,0.015684740822488736,0.009025668951901634,0.01336662389797413,0.013226951387958574,0.01442730057548274,0.015378272495806608,0.01604415026920967,0.016438705785222853,0.017072411259203012,0.01699100861714912,0.016945906859277073,0.016902781018201404,0.01647118452682177,0.015509928398255797,0.0486632488291208,-0.010899525607397367,-0.06762617362627157,0.03201876180914011,-0.013967521188107075,0.03092537025411025,-0.020519775587919193
pre_loans5,-0.0033551256699158524,-0.007829451000937317,0.014208813961081533,0.00016096796126948437,-0.0030533188546210564,0.029882971929956252,-0.011458962879409486,-0.02152957282693879,-0.02469152622553315,0.00044394324082536326,0.011249894074528203,-0.006823065891502106,1.4157537886355446e-05,0.0007910233801645094,0.01152311771097329,1.0,-0.00514922241509584,-0.12768206914640817,0.03134837195829266,-0.033778094003827606,0.22240157844709968,-0.02802018409970455,0.163148609327279,0.08613047087078968,0.05447222829680009,0.036390545382823394,-0.020572653334146526,0.007951214483658233,0.043222568832999186,0.029772513095206232,0.009288668863671364,-0.03224964483620717,-0.013298884353988082,-0.004027901909728513,0.0028283532519653236,0.009093393373707974,0.014878983817026136,0.021462253430180583,0.02777024616571333,0.03244439874176046,0.03718502765897383,0.04276688418053366,0.048901586131144696,0.055448072953357234,0.06211358841522916,0.0657370666611525,0.06899883062341457,0.07182619459967907,0.0748023469613925,0.07779606035374159,0.08126186091379586,0.08381128664161869,0.08631454701851955,0.0892725738979546,0.09220326808585971,0.10897916884860523,-0.000906229803292721,0.036989644466687815,0.02228262203084745,0.0010646785318868242,0.02486202372861512,-0.05609813609443006
pre_loans530,-0.0022267293679508024,-0.0071534362618591784,0.022789349263647306,-0.005972267972155886,0.0023676707909496063,0.017942697411805233,-0.027308873773745402,0.02416567097618118,0.0003863078306799956,0.000612510008989346,-0.008376325115666376,-0.008422773559154233,2.3327409326536464e-05,0.062392005400916904,-0.0009883494901038996,-0.00514922241509584,1.0,-0.0008064854453457752,-0.00021695246202522485,-0.0006386170880950505,-0.020772381236943735,0.2421746139751326,0.13542655326828953,0.08409922426813668,0.057758239142653545,0.001642604983852526,-0.00019715771238346995,0.057460670282263954,0.0002325957207328115,0.0008290216792342104,0.09786936411328409,-0.014422057160372223,-0.022741754481377954,-0.0073542019948838215,0.003745488496006072,0.01464895361102474,0.024610257890916032,0.035812125475956566,0.04645419354469108,0.05462126598280537,0.0626370787519788,0.07202552262603445,0.08059088577218836,0.090542652359605,0.09560325943752167,0.10038904632359893,0.10491461479573937,0.10926996675077824,0.11356100939806563,0.11769255497059355,0.1192647836656184,0.12250693452813577,0.12575079008058102,0.12919939531027333,0.13250886193767156,0.08036253986570048,0.006156496982632882,-0.012980615899973782,0.00866470417611904,-0.007141945019171529,-0.03939020223321564,0.00758422321170311
pre_loans3060,0.0032503282917717537,0.005181940735503785,-0.004411737208763555,6.656249171456588e-05,0.0005518235352051635,-0.004587364062190946,0.0035833967034552224,0.005761001158137153,0.0055533654644589845,-0.000132719584106516,-0.0034368386382857795,0.0005167999247393437,-3.845201466158091e-06,-0.0015435922504348958,-0.0030498021520360846,-0.12768206914640817,-0.0008064854453457752,1.0,-0.007488317087034169,0.07516085518753446,-0.058279188456153666,0.006619530163755353,-0.08447635540971721,-0.09883074806685554,-0.07174214901408434,-0.006080223855357451,0.01659241903010528,-0.010827912997743406,-0.009168843630271624,-0.01855418762482134,-0.010060298486356294,0.019038425810892944,0.012676381586157586,0.009435989924281442,0.007124406109572415,0.005244261498815159,0.0033804631203642353,0.0011503455899815828,-0.0007304426737092095,-0.0022882030800375156,-0.0035570703380792446,-0.005348730719493384,-0.006946569282152833,-0.00848464804777912,-0.010163517857128102,-0.010957597456760506,-0.011912169636724493,-0.01269757226162883,-0.013493367893250379,-0.014421300351888081,-0.01552257749117858,-0.01594717289615251,-0.016880915007527426,-0.017788472719288132,-0.018521095779426934,-0.022712191359393476,0.0003748046668197353,-0.006720966251117429,-0.004649172119449202,2.0677318859966793e-05,-0.007185878499877719,0.01126566707607735
pre_loans6090,-0.0019599453964354936,-0.0027271540671356177,0.001846602216732638,9.261903910076097e-05,-0.00042351079766379113,0.0016496590685273205,-0.0005996522031090389,-0.001441263676750379,-0.0018388572692053704,-5.9046012646400566e-05,0.0012380183551331052,0.00010784593640134828,1.542469622892805e-06,0.0009723722063717596,0.0015026996567349463,0.03134837195829266,-0.00021695246202522485,-0.007488317087034169,1.0,-0.03378135381790828,0.023047846068766472,-0.0023663410695822303,0.033854975996822294,0.04495123543325272,0.0423609752959096,0.0024192489107494808,-0.009008048172960985,0.004474618465115947,0.0033774554644830485,0.007685350892992816,0.00416887538881738,-0.010315668724293282,-0.007386524419642711,-0.0058148752775405155,-0.00438085111920835,-0.0035484806841452063,-0.002739274917197094,-0.0018272492978135375,-0.0011129357232957755,-0.000746967707482948,-0.000599914593845203,0.0002084570162101191,0.0007645500861286616,0.001345949548571235,0.0015116717910687737,0.001623359540818232,0.0018533525024606997,0.002113759773716623,0.002569610898772772,0.002831846557455296,0.003041214405378353,0.003581478303631896,0.0035089170564653357,0.0039175452900746845,0.004319119761986428,0.005777076328188429,-0.0003243280194346521,0.0029891275601072725,0.0020499351138545145,0.0002534121189816275,0.0029254640126002854,-0.004296645259657098
pre_loans90,0.008032574467920488,0.006545306328765761,-0.009771524810156659,0.005760542743684021,0.00045800223546892257,-0.00815713479378516,-5.959858153267215e-05,0.0012829550094733873,0.0046070708614193,0.0015063203854274903,-0.0049528436396925795,0.0015103369025763404,-4.903902144374976e-06,-0.010078029004858473,-0.002745936708864194,-0.033778094003827606,-0.0006386170880950505,0.07516085518753446,-0.03378135381790828,1.0,-0.04824135171901799,-0.001651653422894053,-0.090989303089126,-0.12551429524564323,-0.14458295918777883,-0.007298475065715244,0.04599263091641805,-0.025782871800505817,-0.012181759561389048,-0.04018425984398632,-0.02465835217590955,0.0516039129220635,0.03873301838099746,0.033233879747673445,0.0290022003514386,0.0255540160774419,0.022746558809469818,0.019628039078578192,0.01717569700486906,0.015619037515234364,0.0142177516828052,0.012655138459183628,0.01106753163038515,0.009563609557282617,0.007948017179328169,0.007093901700802007,0.006438223666852888,0.005720074465039222,0.004846885059963728,0.003745507953011208,0.00262034316212617,0.0017740095416569105,0.0009026042054645043,-0.0001659705006136534,-0.0011883772510717873,-0.004606246702359746,-0.0015848468343621414,0.008294859493809665,-0.004810564473353357,0.000427478997567125,-0.0012494659052145881,0.010028318049187458
is_zero_loans5,0.022610171600169184,-0.013607281335655896,0.04020485783865668,0.005358950520751823,-0.0229276962167562,0.00422292791772663,-0.054396304393310065,-0.06269229366726953,-0.03168467260777454,0.007395462785266266,0.047737088135776054,-0.010532759049226154,6.365754229432607e-05,-0.01175851773700372,0.050849771397894275,0.22240157844709968,-0.020772381236943735,-0.058279188456153666,0.023047846068766472,-0.04824135171901799,1.0,-0.08462488634762079,0.224645167684822,0.1452186431504653,0.11232806563336896,0.04001285169419752,-0.04054541488129876,0.0573499479556857,0.04842130969635073,0.05109640383249585,0.08173663799719946,-0.09501760645953211,0.0007171535308248621,0.03819017604676833,0.06424919201439644,0.08577967670633825,0.1042673159456229,0.1181561228704695,0.13329211651998374,0.14346864048090283,0.15204390143409324,0.15682481846104707,0.16460389507945025,0.164764047012283,0.17429748315155147,0.1785337328552305,0.18234565584270612,0.1853596943018777,0.1879638432665632,0.1898305675968163,0.1921666446705111,0.19414485870690545,0.1956351884728316,0.19704914757989977,0.19724263032750466,0.23950308591298422,0.0050410665560902575,0.027905097825380486,0.06088939640215028,0.002339980647934303,0.09617284425030755,-0.09010686396996813
is_zero_loans530,-0.01165182805798683,-0.026133129928753485,0.06862310254821592,-0.0007990404234458331,0.01312906850245274,-0.011960535811771957,-0.046747442064712555,0.04560151195378392,0.02512691119805374,-0.0066044415126741834,-0.0361402720976116,-0.01861004352709771,9.632475074068774e-05,-0.03356739738050587,-0.023554505892895507,-0.02802018409970455,0.2421746139751326,0.006619530163755353,-0.0023663410695822303,-0.001651653422894053,-0.08462488634762079,1.0,0.23067018123906605,0.18332326406905103,0.1569922388140522,-0.041732276683445306,0.018486376303013502,0.18250163870065306,-0.05225627702216706,-0.02779800934296186,0.38431918206676496,-0.013905963399121972,-0.03581259074620369,0.03140858082664241,0.07255727155292825,0.1040190175495512,0.12792865850419188,0.1465555389471225,0.151310832975718,0.16122523923944881,0.1688254139155779,0.17477712756349711,0.1689331283348334,0.16686157104765822,0.14992809116035932,0.14860165541179907,0.14908309925748228,0.1504201933466702,0.15186863965468167,0.1515999160973295,0.14980811993849572,0.15050641667292533,0.150993152803731,0.15152007393025704,0.1515707989223107,0.07040612090766604,0.030407270260738407,-0.0839104062303267,-0.04543948011217091,-0.005841464941070721,-0.06354055514506371,0.077071065641646
is_zero_loans3060,-0.009379467990827825,-0.031316456694662057,0.0859023243144959,-0.03962713427804801,0.0017851218260258655,0.0007950420916265763,-0.03431040793723478,0.010741488736480734,0.01426626756468137,-0.003909213923956407,0.03769685307358013,-0.005681237306692894,4.5518079552068295e-05,0.030450437944141304,0.04555972217790477,0.163148609327279,0.13542655326828953,-0.08447635540971721,0.033854975996822294,-0.090989303089126,0.224645167684822,0.23067018123906605,1.0,0.6873790112568691,0.5708358917836613,-0.007962066685156645,-0.0946135215797559,0.08323414034383868,-0.00680955142559751,0.09426959383637826,0.08065976429941879,-0.17566546079672668,-0.18673901982945076,-0.1392379982433874,-0.09760358178143179,-0.06202347325938872,-0.03243871301753632,-0.004909200851602123,0.016259729132746967,0.030319820268798776,0.04288618821356823,0.056425907644377084,0.06629133768428863,0.0763599646861384,0.08309473042590604,0.08610117962181994,0.0895749171195094,0.0935753486476677,0.09759813187825078,0.10214385114268057,0.10597936932141461,0.10955599030594808,0.11301313840554714,0.11674425094623607,0.12019443701737982,0.14555519648477416,0.0102117458778156,-0.07620867875118444,0.021090125215374345,-0.009623877700541537,0.02092480079811185,0.007868582555975048
is_zero_loans6090,-0.013574673672884017,-0.02950912521154052,0.070146174859531,-0.03760849351782033,0.001942450068380255,-0.000848502565181562,-0.03170082411373349,0.018313659384566916,0.014998108091569881,-0.0039750722282264435,0.032017439821556234,-0.0029074745163482755,3.431428765586728e-05,0.037329114497010915,0.036865105304651764,0.08613047087078968,0.08409922426813668,-0.09883074806685554,0.04495123543325272,-0.12551429524564323,0.1452186431504653,0.18332326406905103,0.6873790112568691,1.0,0.742731661828541,-0.010970999143475355,-0.1012749459798678,0.0742299153052095,-0.008963296360544328,0.09570291188499168,0.0657282492712658,-0.1901666732909539,-0.21349624570586243,-0.17769082253449084,-0.1402017664152511,-0.10564445421254319,-0.0766225592189544,-0.0499478099371534,-0.02820246417095608,-0.013466152181991164,-0.0009905815904741454,0.01172732681814608,0.02254638654781206,0.033248401561763334,0.042022812181776434,0.04596139073714935,0.04930180060245396,0.05286351081137913,0.05650361280193989,0.06060649198693064,0.06432823227468548,0.06757983958898403,0.07060369446651277,0.07375238977538173,0.07686733072500804,0.0989109138355989,0.009211442686066268,-0.0827215789106428,0.016379330373962622,-0.007760996388470038,0.00561354728046952,0.012184140665101035
is_zero_loans90,-0.0140252226757495,-0.031073010155927828,0.06985122573756072,-0.039986069894989366,0.004691245022909037,0.0033233898592807403,-0.03094607907339862,0.026668746091997486,0.016992897891586204,-0.0037846640602480974,0.03111216061686409,-0.0025777459147098745,3.391756657793669e-05,0.06072248070349607,0.039294847744943,0.05447222829680009,0.057758239142653545,-0.07174214901408434,0.0423609752959096,-0.14458295918777883,0.11232806563336896,0.1569922388140522,0.5708358917836613,0.742731661828541,1.0,-0.009740345579345906,-0.1286346156162631,0.0943889527470403,-0.00520766900167757,0.11815740135804442,0.09971966931686348,-0.23874674035779345,-0.2527445741185206,-0.21685828343140767,-0.1798652789720469,-0.1437204467654506,-0.1135014530125906,-0.08557561146498918,-0.06223213822825088,-0.0460849867910097,-0.03235145912165761,-0.018487857260449058,-0.006353288410874313,0.0055713743100830005,0.01638197958209054,0.021459397913947693,0.025506899685053652,0.029365536118992893,0.03292993299216874,0.0371379289172314,0.04108441207733265,0.04462104566485165,0.04779073847580095,0.05094844232144051,0.05404523137956706,0.0751105794793233,0.009111889931358455,-0.1043301358245415,0.018578078720605545,-0.011168171941912918,-0.009096022080886489,0.012162583205089896
pre_util,0.0006029576883385155,-0.01482486853143594,-0.11090492416987956,-0.009831652852226907,-0.0028311514174602674,0.0926792214917304,-0.0028778800954003744,0.0668081717964991,-0.11742353539044814,0.036198222774352376,-0.11112891679960177,0.005269383580933832,-0.0006748644073759851,0.013893289409924053,-0.0459632738793098,0.036390545382823394,0.001642604983852526,-0.006080223855357451,0.0024192489107494808,-0.007298475065715244,0.04001285169419752,-0.041732276683445306,-0.007962066685156645,-0.010970999143475355,-0.009740345579345906,1.0,-0.2647260005603448,0.2084605727371405,0.7522724219646969,0.29533741152956167,0.19223517330074394,-0.015386770306706158,-0.028191552189747206,-0.03849998254874801,-0.046121474967734305,-0.045379992980734134,-0.04599829166995318,-0.03105351300102648,-0.011919925217782946,-0.0058773071225678925,9.826753249567113e-05,0.014190639552398254,0.02867671070678393,0.04717075189243812,0.06863534702822087,0.07247184599304644,0.07099668996792023,0.06794912228482397,0.06617852043153788,0.06755036751793303,0.06796672578968616,0.06602278145113767,0.0640275293458684,0.061731011976724405,0.061486634038999656,0.07501092184468669,-0.06683156513772168,0.5140952649694517,0.1772274640689949,0.014741121603806612,-0.1262296516889698,-0.35589772513539986
pre_over2limit,0.020426508047067082,0.007683258973371853,-0.022815252873957585,0.0027976676009978723,0.011024203754837331,-0.06737925898719663,0.005430880588882984,-0.0873817580679859,0.02902817162586827,-0.01009109462750912,-0.05765165458800919,-0.0058145091139987495,-5.2867069691141645e-05,-0.0355826530562428,-0.07790268401318343,-0.020572653334146526,-0.00019715771238346995,0.01659241903010528,-0.009008048172960985,0.04599263091641805,-0.04054541488129876,0.018486376303013502,-0.0946135215797559,-0.1012749459798678,-0.1286346156162631,-0.2647260005603448,1.0,-0.7169034585471508,-0.36746215958003037,-0.8976826206040323,-0.6052061488483076,0.10143556363159548,0.11019654166153198,0.10141448978110919,0.09085695135033876,0.07604315346271578,0.0612421041680395,0.04199049655683686,0.02436693345221836,0.014403036594993427,0.004850385849252291,-0.007441174779522275,-0.021077238709389684,-0.03575874716135752,-0.04994678782735275,-0.05453895313564082,-0.05688984971793255,-0.05884605224172494,-0.0606862072661999,-0.06356207297694354,-0.06591388746635436,-0.06708365773645758,-0.06790546212250327,-0.06830087898491884,-0.0695381663577848,-0.10268669538453841,0.09716828456688804,0.060147827910511945,-0.14591556256721802,-0.004936655621923558,0.12482081845620284,0.08375669776475957
pre_maxover2limit,-0.0014648013883725047,-0.010623833097180964,0.04751621859529544,0.00045660508695562766,-0.0045307311006841456,0.053036500823174945,0.00615378230856275,0.1126258349583085,-0.01609905741806266,0.004500094190739863,0.018900531909574636,0.0035167908301955804,7.050757444979166e-05,0.023320979684747927,0.04894550437441616,0.007951214483658233,0.057460670282263954,-0.010827912997743406,0.004474618465115947,-0.025782871800505817,0.0573499479556857,0.18250163870065306,0.08323414034383868,0.0742299153052095,0.0943889527470403,0.2084605727371405,-0.7169034585471508,1.0,0.2863693408036987,0.7686265596736659,0.8071505063227011,-0.0713495562127818,-0.09435026512517741,-0.0697981081663492,-0.05375744252272744,-0.035971835453404544,-0.019292939074029118,-0.00867631250730941,0.00519579896424797,0.014147333352150902,0.022530909859058913,0.025703669396679833,0.035228680320723064,0.032960870740240074,0.041110128098130715,0.04504764356399544,0.047042955738002226,0.04909525899278091,0.05123008427631901,0.05192075746270255,0.053855461864805255,0.055778641011198116,0.057297276389102654,0.058612194830008235,0.06086781739753058,0.056486323890386964,-0.0800709915646139,-0.04548809092899407,0.10893185718689433,0.007863205189052834,-0.1761326709631026,-0.05990420950671149
is_zero_util,-0.0019529162959939655,-0.015023135756061025,-0.14537174181678308,0.0013435373196527723,-0.0020774746282465964,0.11398229751027208,-0.013984697365014443,0.07578354686916598,-0.15660943197775012,0.045612683386846195,-0.14099019223836717,0.007469336493229157,-0.0003253108951127987,0.015120807724579124,-0.06263023267225178,0.043222568832999186,0.0002325957207328115,-0.009168843630271624,0.0033774554644830485,-0.012181759561389048,0.04842130969635073,-0.05225627702216706,-0.00680955142559751,-0.008963296360544328,-0.00520766900167757,0.7522724219646969,-0.36746215958003037,0.2863693408036987,1.0,0.41202797513109923,0.2675734997638468,-0.015044701283984399,-0.014810559261962128,-0.024331654542246065,-0.03626626465466599,-0.03703315327503225,-0.03571192455182184,-0.019883463525777863,-0.0015239329320616995,0.000704833442937795,0.003600645259745393,0.017971214559651102,0.037825580794825786,0.06355179191055084,0.09052515488567298,0.0924158574420142,0.08964334901783196,0.08626123555641126,0.08322311691983027,0.08352700676523446,0.08315854257839107,0.0807277688619937,0.07814151806352466,0.07595071069351547,0.07636499176623102,0.09591272892332675,-0.08301659875159148,0.6709207442039187,0.21518190577691235,0.01946982724993368,-0.163621557769535,-0.4630310426788981
is_zero_over2limit,-0.023441694946316198,-0.005117119446873899,0.028218185156506773,-0.0023800395740760814,-0.012229247530215336,0.07934133398462608,-0.005491116953234943,0.09717470001747376,-0.032291693137026525,0.012470469364848594,0.06621567324827811,0.009236502196088542,-0.000781143350632572,0.010125469408619454,0.08679929896640554,0.029772513095206232,0.0008290216792342104,-0.01855418762482134,0.007685350892992816,-0.04018425984398632,0.05109640383249585,-0.02779800934296186,0.09426959383637826,0.09570291188499168,0.11815740135804442,0.29533741152956167,-0.8976826206040323,0.7686265596736659,0.41202797513109923,1.0,0.6741872053064539,-0.09324400939070501,-0.11019469124998099,-0.10282915842566405,-0.09226064534150151,-0.07642997452580129,-0.06031994089135863,-0.039253681107609226,-0.019597237406414697,-0.008641319600685112,0.0019671644620338083,0.015678866533048157,0.031020214488710077,0.04742132739123815,0.06332926758224505,0.06820407910922292,0.07066993296495092,0.07260244621183064,0.07437478558280528,0.07741216923042116,0.07980389778671662,0.08086327526588113,0.08163760501673842,0.0819091586841909,0.08314885745691321,0.12043767475727753,-0.11071356029075946,-0.046241160351844446,0.16739397172441925,0.0055937614166791825,-0.1404094154410028,-0.09635124641311935
is_zero_maxover2limit,0.00673359219563061,-0.014108011419124837,0.05074525971973275,0.00964062785864045,-0.0035826423559826865,0.09911039839321907,-0.03426823946096469,0.14075736783929602,-0.027599567798154104,0.005202214629654701,-0.019358649656448148,-0.006135008331590411,-0.0005266376582950785,-0.0430347022907119,0.014160470403047127,0.009288668863671364,0.09786936411328409,-0.010060298486356294,0.00416887538881738,-0.02465835217590955,0.08173663799719946,0.38431918206676496,0.08065976429941879,0.0657282492712658,0.09971966931686348,0.19223517330074394,-0.6052061488483076,0.8071505063227011,0.2675734997638468,0.6741872053064539,1.0,-0.0778847345089194,-0.07606384314164141,-0.04008858126969991,-0.01949472048223588,0.0015025017613547955,0.02151324697775195,0.035735777215331714,0.053096070643253,0.0646791902811766,0.07514837218508069,0.08232980654232117,0.09589924299242028,0.09859342881328217,0.11172646756874982,0.11603756158060813,0.11747780496337479,0.11894398498048703,0.12041674940554963,0.12034330382198175,0.12187850931016406,0.12284862448207567,0.12341098941454286,0.12342897317679272,0.12365614665525596,0.0294161448823567,-0.058948096580975745,-0.03723497275397332,0.09396202655196563,0.007039593695321119,-0.24376315288645575,-0.08120280781631262
enc_paym_0,-0.009210182461244025,0.02881419082419207,0.023403192674905295,0.03616630985647484,0.0010432653274433813,-0.07729706327174668,0.0013502784386159334,-0.0771745913849229,0.006841546463879668,0.017535909512587246,-0.0015803802766341667,-0.01696407471228699,-5.6025737777026036e-05,-0.03152825154183481,-0.02803311184842084,-0.03224964483620717,-0.014422057160372223,0.019038425810892944,-0.010315668724293282,0.0516039129220635,-0.09501760645953211,-0.013905963399121972,-0.17566546079672668,-0.1901666732909539,-0.23874674035779345,-0.015386770306706158,0.10143556363159548,-0.0713495562127818,-0.015044701283984399,-0.09324400939070501,-0.0778847345089194,1.0,0.565855945589689,0.4464520053794164,0.3759157484836909,0.32313072401401105,0.28173545143415024,0.2439937940433087,0.21489955090174312,0.19575977600497738,0.17851682126824697,0.16109872057929434,0.14635040633887125,0.1323861659795796,0.12064436004461938,0.11406454407457395,0.10820048789142939,0.10280124728132549,0.09759899853624958,0.09227766914441007,0.0875755372601174,0.08326354742293764,0.07932120639709919,0.07541675930154154,0.07157266106527957,0.05055348230627906,0.15126540444792533,0.03353431188637148,-0.038849218680008936,0.003792202246036088,0.14967882040997546,0.032527479273188394
enc_paym_1,-0.004361737880784276,0.041081763724826165,0.08233260958832286,0.06312735845672164,-0.012138052314343365,-0.09541711327841725,-0.05992629007041426,-0.06628710137536736,0.008532185334790917,0.027131055209953132,-0.007712500831985917,-0.010630458424281574,-8.791941049205187e-05,-0.030052052337114395,-0.02866325441200831,-0.013298884353988082,-0.022741754481377954,0.012676381586157586,-0.007386524419642711,0.03873301838099746,0.0007171535308248621,-0.03581259074620369,-0.18673901982945076,-0.21349624570586243,-0.2527445741185206,-0.028191552189747206,0.11019654166153198,-0.09435026512517741,-0.014810559261962128,-0.11019469124998099,-0.07606384314164141,0.565855945589689,1.0,0.7610556040976225,0.6391140787385146,0.5499634963761255,0.4812260285708316,0.41744033512144657,0.37029060216741266,0.3379461288243736,0.30986554300561625,0.28042071825522896,0.256393455989263,0.23261258274906915,0.21652243326413076,0.20654094036591986,0.19784510535778851,0.18958483711980442,0.18175136530795657,0.17365564875693176,0.16699307643562367,0.1604346534792646,0.15430247230394867,0.14814898505528945,0.14188952382071662,0.11404318463558645,0.0936250832621604,0.017235124357739814,0.022507022857389102,0.0033277108292269074,0.10648554158794699,0.04644744671781845
enc_paym_2,-0.004139603413118517,0.043101635321415456,0.12876475679163907,0.08528624878771476,-0.013407651536939635,-0.11413682000669075,-0.09425788836871239,-0.04996299875899606,0.015246424361314164,0.031606497454019285,-0.011340558600886723,-0.010142396225875932,-0.00010340917629151342,-0.031082098893900394,-0.020229460380380197,-0.004027901909728513,-0.0073542019948838215,0.009435989924281442,-0.0058148752775405155,0.033233879747673445,0.03819017604676833,0.03140858082664241,-0.1392379982433874,-0.17769082253449084,-0.21685828343140767,-0.03849998254874801,0.10141448978110919,-0.0697981081663492,-0.024331654542246065,-0.10282915842566405,-0.04008858126969991,0.4464520053794164,0.7610556040976225,1.0,0.8264002151453925,0.7136584954887109,0.6274826989470008,0.5471773554830852,0.4847354249192683,0.4434326145947498,0.40791934646258143,0.37055405936633723,0.33763986099262444,0.30594291775821386,0.28111266576577365,0.26751733366205677,0.2563221141348447,0.2461220384938745,0.23649979804734028,0.22648176011967772,0.2177967599862006,0.20983671283456132,0.20243285071259418,0.19505585631332406,0.18736578806668316,0.15308391279068975,0.07583675632184972,0.009772075326424025,0.04076138871607307,0.001567923699724909,0.08275766582044118,0.0593333986599896
enc_paym_3,-0.00553629193306558,0.04006424678280998,0.1431804001427483,0.12577917203061142,-0.015668220296916946,-0.12165174136383242,-0.11527010860258105,-0.03856276351035427,0.012300879439705007,0.03399234580963094,-0.004851493085823654,-0.011776678292811538,-0.00011751834309229203,-0.028967548803557445,-0.009034967732863627,0.0028283532519653236,0.003745488496006072,0.007124406109572415,-0.00438085111920835,0.0290022003514386,0.06424919201439644,0.07255727155292825,-0.09760358178143179,-0.1402017664152511,-0.1798652789720469,-0.046121474967734305,0.09085695135033876,-0.05375744252272744,-0.03626626465466599,-0.09226064534150151,-0.01949472048223588,0.3759157484836909,0.6391140787385146,0.8264002151453925,1.0,0.8503946092869021,0.7481450940821495,0.6537390105079107,0.5796484743322778,0.5311093467597864,0.4892554499119031,0.44519498755540904,0.40561206246060283,0.36778872467920815,0.3369887014611092,0.32042196729534517,0.30721031121137254,0.29511489319830964,0.2838988100297715,0.27218986691566704,0.2618971796740547,0.2526649432597449,0.24405280833492987,0.23552910157776197,0.22661338141074888,0.18740627540700094,0.06331930888201301,0.003165153546043988,0.05262924692114311,0.0003260155794451048,0.06969316542628011,0.053793011915772494
enc_paym_4,-0.01092531756385517,0.036669585628661405,0.15054523352501079,0.15603139254412776,-0.015012521450037583,-0.1219462587175044,-0.1208879541765581,-0.025695778421617257,0.007490560335048488,0.0367282461241401,0.0006340109052224666,-0.01260877636869392,-0.0001317976949726685,-0.026242772079440528,-0.00037869678571924724,0.009093393373707974,0.01464895361102474,0.005244261498815159,-0.0035484806841452063,0.0255540160774419,0.08577967670633825,0.1040190175495512,-0.06202347325938872,-0.10564445421254319,-0.1437204467654506,-0.045379992980734134,0.07604315346271578,-0.035971835453404544,-0.03703315327503225,-0.07642997452580129,0.0015025017613547955,0.32313072401401105,0.5499634963761255,0.7136584954887109,0.8503946092869021,1.0,0.8683493077565589,0.758670522480378,0.6729039381207983,0.6171689758586245,0.5691455757380283,0.5185537585880365,0.4723885536515544,0.42856888409554383,0.3922759678983191,0.3729364163624185,0.3576204561280939,0.34382306100308174,0.3308420382031134,0.31744790471381806,0.30560723345807084,0.29504715009012716,0.28527438664374866,0.27553853847903015,0.2653633979276271,0.22078904975811678,0.05278483017223981,0.003123176233022878,0.06305505492474765,-0.0011819954362782099,0.053676412206389405,0.04094160737200357
enc_paym_5,-0.011421126589694611,0.03373164797129089,0.15032366618434606,0.16203493154345178,-0.017041923649729056,-0.11454828051927145,-0.10353610406685093,-0.020178015578136938,0.003023281936067007,0.038264880018399706,0.004217626841527723,-0.012828618808778251,-0.00014620489121139582,-0.023592619613506723,0.0038740787371459697,0.014878983817026136,0.024610257890916032,0.0033804631203642353,-0.002739274917197094,0.022746558809469818,0.1042673159456229,0.12792865850419188,-0.03243871301753632,-0.0766225592189544,-0.1135014530125906,-0.04599829166995318,0.0612421041680395,-0.019292939074029118,-0.03571192455182184,-0.06031994089135863,0.02151324697775195,0.28173545143415024,0.4812260285708316,0.6274826989470008,0.7481450940821495,0.8683493077565589,1.0,0.8633386468223214,0.7649832273007532,0.701896269131333,0.6476152327810086,0.5905036858583667,0.5379856157202506,0.4881880237550288,0.446476664333369,0.42455683415035406,0.4071892016162951,0.39154808560493987,0.37704784276867304,0.3618504556483922,0.348495563137374,0.3366485849308166,0.3256444454049493,0.31479147350022063,0.3033385425444937,0.2533678784438088,0.043651661201798427,0.0027935583289667937,0.07161328195725238,-0.0031597516181823236,0.04449389033023436,0.031150963849197907
enc_paym_6,-0.019418397069084443,0.03057308196016685,0.1431303231717089,0.14517181447209557,-0.014644868964705548,-0.11058601791544807,-0.10535194823141772,-0.010860981634025359,-0.009610391923514951,0.0389718744459326,0.014965102740022763,-0.012996099744819165,-0.00016415163046810873,-0.017678304820152365,0.014386415141336225,0.021462253430180583,0.035812125475956566,0.0011503455899815828,-0.0018272492978135375,0.019628039078578192,0.1181561228704695,0.1465555389471225,-0.004909200851602123,-0.0499478099371534,-0.08557561146498918,-0.03105351300102648,0.04199049655683686,-0.00867631250730941,-0.019883463525777863,-0.039253681107609226,0.035735777215331714,0.2439937940433087,0.41744033512144657,0.5471773554830852,0.6537390105079107,0.758670522480378,0.8633386468223214,1.0,0.87652717362512,0.80391823908205,0.7420040841454791,0.6769295616780951,0.6167532380463285,0.5598484815310538,0.511674917702908,0.48656888622226047,0.46685045257428864,0.449064172433188,0.4325443007918649,0.4154040608902133,0.4000330687144466,0.3866542963769856,0.37418700899516183,0.3618622526191334,0.348938234839146,0.2924792071272568,0.03327695059370133,0.015596927016831458,0.08478211277364804,-0.005576295435754078,0.026959257764911315,0.009245434686789128
enc_paym_7,-0.015453828237413455,0.028647847674089157,0.13725359931901723,0.13041007201071184,-0.017291714851162533,-0.1064895058235226,-0.11867764952737545,-0.0036692517221847526,-0.019140131580537713,0.04021841241895659,0.012231880238162995,-0.013414809159019086,-0.00018262681270696766,-0.013882564507728018,0.016424330955818373,0.02777024616571333,0.04645419354469108,-0.0007304426737092095,-0.0011129357232957755,0.01717569700486906,0.13329211651998374,0.151310832975718,0.016259729132746967,-0.02820246417095608,-0.06223213822825088,-0.011919925217782946,0.02436693345221836,0.00519579896424797,-0.0015239329320616995,-0.019597237406414697,0.053096070643253,0.21489955090174312,0.37029060216741266,0.4847354249192683,0.5796484743322778,0.6729039381207983,0.7649832273007532,0.87652717362512,1.0,0.9088828916249644,0.838433629318311,0.7649691070466818,0.6968226795847196,0.6326337458312072,0.5779351157857795,0.5495423936124308,0.5273970835000454,0.5074913522451588,0.4889074237936608,0.46961194556779473,0.4524441746964722,0.4373312007050604,0.4234045065507423,0.409589643232655,0.3950535914668496,0.3319021737685843,0.024384406174893868,0.030667239763189552,0.10684046752028839,-0.007454090555234747,0.010024538258191844,-0.01233650772537653
enc_paym_8,-0.01789178188977486,0.027421887681812286,0.138877047320751,0.11936840846466168,-0.016341436151802776,-0.09511246411273358,-0.15444770553160983,-0.0046086485784445795,-0.021584180913510824,0.03898390187537257,0.0149680832729115,-0.013675208081491814,-0.00019688857014204362,-0.01185028326793891,0.019042845046973015,0.03244439874176046,0.05462126598280537,-0.0022882030800375156,-0.000746967707482948,0.015619037515234364,0.14346864048090283,0.16122523923944881,0.030319820268798776,-0.013466152181991164,-0.0460849867910097,-0.0058773071225678925,0.014403036594993427,0.014147333352150902,0.000704833442937795,-0.008641319600685112,0.0646791902811766,0.19575977600497738,0.3379461288243736,0.4434326145947498,0.5311093467597864,0.6171689758586245,0.701896269131333,0.80391823908205,0.9088828916249644,1.0,0.9145729962117617,0.8337878728223105,0.7592033039805386,0.6890532933773397,0.6291520727103965,0.5982230856295451,0.5741082823132055,0.5525224441988075,0.5323836517157378,0.5114290229254489,0.49271329559627874,0.476427874053802,0.4612150531342438,0.4462919456257884,0.43052661317435625,0.36216763123830126,0.019041543282727957,0.03057442391617033,0.11334290732523196,-0.008749577421844712,0.006145451679219696,-0.01930087255080799
enc_paym_9,-0.019017128257082065,0.026385480985406967,0.13891906538558302,0.1130356604222889,-0.01644163085910944,-0.07739181376489761,-0.1988647041866967,-0.006838777554540424,-0.023415831753556007,0.03794624699454191,0.016788301578514898,-0.01424358475150497,-0.0002114061940504292,-0.009721754315557756,0.019191902072820597,0.03718502765897383,0.0626370787519788,-0.0035570703380792446,-0.000599914593845203,0.0142177516828052,0.15204390143409324,0.1688254139155779,0.04288618821356823,-0.0009905815904741454,-0.03235145912165761,9.826753249567113e-05,0.004850385849252291,0.022530909859058913,0.003600645259745393,0.0019671644620338083,0.07514837218508069,0.17851682126824697,0.30986554300561625,0.40791934646258143,0.4892554499119031,0.5691455757380283,0.6476152327810086,0.7420040841454791,0.838433629318311,0.9145729962117617,1.0,0.9043349216488391,0.8224527915638832,0.7462062346086287,0.6808882782895297,0.6473285506540724,0.6212550491549741,0.5978553937684296,0.5761167518768167,0.5535333305141651,0.5332533448004765,0.5156279285992986,0.4993319192509071,0.48312158743078915,0.46615893946136056,0.39258655794131225,0.014482594580414438,0.031061993757546133,0.11957934801475147,-0.0100635798022028,0.00203338976347611,-0.02620849905864514
enc_paym_10,-0.024532188589699203,0.024666923591567108,0.13301715024062175,0.10494765303653675,-0.013525987400048274,-0.047409412444914874,-0.27534730933889456,-0.005054320322404305,-0.030527578840690513,0.03776957215779695,0.02180358653445148,-0.014880175954036217,0.000205772409049794,-0.0035985963339354625,0.015684740822488736,0.04276688418053366,0.07202552262603445,-0.005348730719493384,0.0002084570162101191,0.012655138459183628,0.15682481846104707,0.17477712756349711,0.056425907644377084,0.01172732681814608,-0.018487857260449058,0.014190639552398254,-0.007441174779522275,0.025703669396679833,0.017971214559651102,0.015678866533048157,0.08232980654232117,0.16109872057929434,0.28042071825522896,0.37055405936633723,0.44519498755540904,0.5185537585880365,0.5905036858583667,0.6769295616780951,0.7649691070466818,0.8337878728223105,0.9043349216488391,1.0,0.9023666807044411,0.8179108687779622,0.7458412086173962,0.7088892627625415,0.680350607626031,0.6547837033963129,0.630999421672185,0.6063032628745569,0.5841668548795707,0.5648970639670646,0.5470633806153441,0.5294810775061806,0.5108384768585098,0.43067618189321105,0.008602486053822356,0.04240523638248815,0.12695930579838355,-0.011634741110636872,-0.008936599237685115,-0.04222846546278212
enc_paym_11,-0.020452178142315727,0.023513492878483023,0.12546153097548396,0.08857630989286679,-0.01590701550693496,-0.014690233642746256,-0.3436297163347839,-0.0016764751510542693,-0.0371047785890477,0.03808593013975068,0.01828139436517488,-0.015894165617984488,0.00018817450725536685,-7.448441274758913e-05,0.009025668951901634,0.048901586131144696,0.08059088577218836,-0.006946569282152833,0.0007645500861286616,0.01106753163038515,0.16460389507945025,0.1689331283348334,0.06629133768428863,0.02254638654781206,-0.006353288410874313,0.02867671070678393,-0.021077238709389684,0.035228680320723064,0.037825580794825786,0.031020214488710077,0.09589924299242028,0.14635040633887125,0.256393455989263,0.33763986099262444,0.40561206246060283,0.4723885536515544,0.5379856157202506,0.6167532380463285,0.6968226795847196,0.7592033039805386,0.8224527915638832,0.9023666807044411,1.0,0.899983224157945,0.819571226816801,0.7787416516832665,0.7472685554276294,0.719182467338747,0.6930764792549515,0.6659901439204607,0.6416415396060654,0.6205477271118823,0.6009969173890131,0.5817114906290134,0.5613957538272808,0.47361045679288666,0.0025619094366903434,0.05919988100934023,0.14328605262631766,-0.013533290490638634,-0.022472706840785697,-0.06243339226279432
enc_paym_12,-0.026277357161468826,0.022532671826751387,0.11882009923809753,0.06245289418912874,-0.011314897755508958,0.03248507063342964,-0.3304736063161487,0.007397952464311043,-0.04742904050028663,0.038204850912615045,0.021869652012520554,-0.016932043488928943,0.00017144367984547477,0.0059586102303045415,0.01336662389797413,0.055448072953357234,0.090542652359605,-0.00848464804777912,0.001345949548571235,0.009563609557282617,0.164764047012283,0.16686157104765822,0.0763599646861384,0.033248401561763334,0.0055713743100830005,0.04717075189243812,-0.03575874716135752,0.032960870740240074,0.06355179191055084,0.04742132739123815,0.09859342881328217,0.1323861659795796,0.23261258274906915,0.30594291775821386,0.36778872467920815,0.42856888409554383,0.4881880237550288,0.5598484815310538,0.6326337458312072,0.6890532933773397,0.7462062346086287,0.8179108687779622,0.899983224157945,1.0,0.9041173830048298,0.8582785427324895,0.8233962534268819,0.7923843963517703,0.7636507859088445,0.7338164806554628,0.7069624755286817,0.6837607991730202,0.6623075130772292,0.6410816685449089,0.6187132067309005,0.5224406253556454,-0.0034485304017260058,0.08134947919069725,0.15559697200818334,-0.015368210529259267,-0.03711036207050978,-0.08665769868234563
enc_paym_13,-0.01851413275822693,0.02230911586962117,0.11382170760535025,0.03745554620847792,-0.014771324688631463,0.07987906566418529,-0.30860508705710277,0.015377385369232699,-0.055170748403378544,0.03865969502400425,0.014596618714101556,-0.01764919131128625,0.00015682935624363007,0.008219649043039911,0.013226951387958574,0.06211358841522916,0.09560325943752167,-0.010163517857128102,0.0015116717910687737,0.007948017179328169,0.17429748315155147,0.14992809116035932,0.08309473042590604,0.042022812181776434,0.01638197958209054,0.06863534702822087,-0.04994678782735275,0.041110128098130715,0.09052515488567298,0.06332926758224505,0.11172646756874982,0.12064436004461938,0.21652243326413076,0.28111266576577365,0.3369887014611092,0.3922759678983191,0.446476664333369,0.511674917702908,0.5779351157857795,0.6291520727103965,0.6808882782895297,0.7458412086173962,0.819571226816801,0.9041173830048298,1.0,0.9435884050596346,0.9045382258326998,0.870274773752663,0.838581457046269,0.8058084768805033,0.776293902729604,0.7508108205821511,0.7272756893558933,0.7040500042614671,0.679465778307097,0.5740081699650115,-0.008364180884508547,0.10499380639905709,0.17539213335364828,-0.016811315147814636,-0.05100537947489626,-0.11114864787043102
enc_paym_14,-0.016455687202516438,0.022197303313085084,0.11618996924635798,0.01714534029508053,-0.01444552949778012,0.09442152774646524,-0.2886455366919548,0.015536879365012721,-0.0551901636168319,0.0377747288468772,0.01418709980233705,-0.018311575141230396,0.00014949709407367654,0.009584294721262389,0.01442730057548274,0.0657370666611525,0.10038904632359893,-0.010957597456760506,0.001623359540818232,0.007093901700802007,0.1785337328552305,0.14860165541179907,0.08610117962181994,0.04596139073714935,0.021459397913947693,0.07247184599304644,-0.05453895313564082,0.04504764356399544,0.0924158574420142,0.06820407910922292,0.11603756158060813,0.11406454407457395,0.20654094036591986,0.26751733366205677,0.32042196729534517,0.3729364163624185,0.42455683415035406,0.48656888622226047,0.5495423936124308,0.5982230856295451,0.6473285506540724,0.7088892627625415,0.7787416516832665,0.8582785427324895,0.9435884050596346,1.0,0.9530329844754075,0.9161526047362112,0.8825017826866979,0.8478370180155596,0.8166704183524681,0.7898223031160789,0.7649771639190527,0.7405364658076755,0.7146839783990045,0.603951131141888,-0.009874800225668152,0.10528285901869947,0.17876776805442737,-0.017289289520950848,-0.05007364146141512,-0.11483323004656669
enc_paym_15,-0.014599145241284549,0.021990219285457895,0.11889040320321989,0.000739728682023331,-0.014671001647035999,0.1012626168625068,-0.26817995311786824,0.014581448453069924,-0.05421309354594562,0.03685063788247591,0.015595456695854715,-0.018962738253764592,0.00014387117990727845,0.010397495388242738,0.015378272495806608,0.06899883062341457,0.10491461479573937,-0.011912169636724493,0.0018533525024606997,0.006438223666852888,0.18234565584270612,0.14908309925748228,0.0895749171195094,0.04930180060245396,0.025506899685053652,0.07099668996792023,-0.05688984971793255,0.047042955738002226,0.08964334901783196,0.07066993296495092,0.11747780496337479,0.10820048789142939,0.19784510535778851,0.2563221141348447,0.30721031121137254,0.3576204561280939,0.4071892016162951,0.46685045257428864,0.5273970835000454,0.5741082823132055,0.6212550491549741,0.680350607626031,0.7472685554276294,0.8233962534268819,0.9045382258326998,0.9530329844754075,1.0,0.955885343802005,0.9200245300446813,0.8835504467530623,0.8508718352950381,0.8227973690305825,0.7968817313985779,0.7713252801977075,0.7443903096055539,0.6293238184075014,-0.010789391797990244,0.10136092161705992,0.17913144297085176,-0.017723496934875387,-0.048287448507676516,-0.1145453428900143
enc_paym_16,-0.012982280255251208,0.021775670136333348,0.12135190481432924,-0.013387794349779505,-0.01473520377601304,0.10643176109338473,-0.24974799782590365,0.014784462941700986,-0.05347114245616202,0.03581428697577235,0.016941854002433695,-0.019345108094537582,0.00013884456693094119,0.011335656487698223,0.01604415026920967,0.07182619459967907,0.10926996675077824,-0.01269757226162883,0.002113759773716623,0.005720074465039222,0.1853596943018777,0.1504201933466702,0.0935753486476677,0.05286351081137913,0.029365536118992893,0.06794912228482397,-0.05884605224172494,0.04909525899278091,0.08626123555641126,0.07260244621183064,0.11894398498048703,0.10280124728132549,0.18958483711980442,0.2461220384938745,0.29511489319830964,0.34382306100308174,0.39154808560493987,0.449064172433188,0.5074913522451588,0.5525224441988075,0.5978553937684296,0.6547837033963129,0.719182467338747,0.7923843963517703,0.870274773752663,0.9161526047362112,0.955885343802005,1.0,0.9571451743633829,0.9184385835065434,0.8840860551078895,0.854736038322105,0.8277184454001275,0.8011136914699254,0.7730289991246327,0.6536785878298768,-0.011467429484149467,0.09709080881503157,0.17854519684538236,-0.017992890439657436,-0.04751284115086575,-0.11370309166498693
enc_paym_17,-0.011404213361596941,0.021354902341426653,0.12347114503799457,-0.02458795882273968,-0.014600246799423653,0.11015313984701333,-0.2319574012582158,0.015561889896320909,-0.05283053000733732,0.034817334904545076,0.01809607193579742,-0.019693142844928443,0.0001341487146739081,0.011906015216348646,0.016438705785222853,0.0748023469613925,0.11356100939806563,-0.013493367893250379,0.002569610898772772,0.004846885059963728,0.1879638432665632,0.15186863965468167,0.09759813187825078,0.05650361280193989,0.03292993299216874,0.06617852043153788,-0.0606862072661999,0.05123008427631901,0.08322311691983027,0.07437478558280528,0.12041674940554963,0.09759899853624958,0.18175136530795657,0.23649979804734028,0.2838988100297715,0.3308420382031134,0.37704784276867304,0.4325443007918649,0.4889074237936608,0.5323836517157378,0.5761167518768167,0.630999421672185,0.6930764792549515,0.7636507859088445,0.838581457046269,0.8825017826866979,0.9200245300446813,0.9571451743633829,1.0,0.9542773609195727,0.917744092955602,0.8869404277882813,0.8587122126957039,0.8309882991451633,0.8018138580877834,0.6781507273081814,-0.011989326516354698,0.09333654974848417,0.1780267935839304,-0.018084441319900686,-0.04724876875719652,-0.11290821597955328
enc_paym_18,-0.010629570809045185,0.020952011741618273,0.12486566443720577,-0.02974464962410132,-0.01401246424022168,0.11536787477794416,-0.21032893342214545,0.017082893694107447,-0.05343539172847378,0.034064986909399686,0.019647599214230538,-0.019701539542527395,0.00012921215508345088,0.01270153397833168,0.017072411259203012,0.07779606035374159,0.11769255497059355,-0.014421300351888081,0.002831846557455296,0.003745507953011208,0.1898305675968163,0.1515999160973295,0.10214385114268057,0.06060649198693064,0.0371379289172314,0.06755036751793303,-0.06356207297694354,0.05192075746270255,0.08352700676523446,0.07741216923042116,0.12034330382198175,0.09227766914441007,0.17365564875693176,0.22648176011967772,0.27218986691566704,0.31744790471381806,0.3618504556483922,0.4154040608902133,0.46961194556779473,0.5114290229254489,0.5535333305141651,0.6063032628745569,0.6659901439204607,0.7338164806554628,0.8058084768805033,0.8478370180155596,0.8835504467530623,0.9184385835065434,0.9542773609195727,1.0,0.9564864877139149,0.9236251892411557,0.8938962924338529,0.8648312065535709,0.8343711978693821,0.7058664552264462,-0.012887525473484356,0.09263820762816603,0.17916559393784087,-0.01823345647542269,-0.04894714669139675,-0.1148557279844911
enc_paym_19,-0.008436223416313329,0.020605575140742235,0.12643678231792196,-0.02905795350437301,-0.014128593628762379,0.1195645413788682,-0.1932482040491881,0.017673945000191135,-0.05361507286216739,0.03343670478468468,0.019922476457391928,-0.019781873932134854,0.00012473406011873135,0.01323878120003491,0.01699100861714912,0.08126186091379586,0.1192647836656184,-0.01552257749117858,0.003041214405378353,0.00262034316212617,0.1921666446705111,0.14980811993849572,0.10597936932141461,0.06432823227468548,0.04108441207733265,0.06796672578968616,-0.06591388746635436,0.053855461864805255,0.08315854257839107,0.07980389778671662,0.12187850931016406,0.0875755372601174,0.16699307643562367,0.2177967599862006,0.2618971796740547,0.30560723345807084,0.348495563137374,0.4000330687144466,0.4524441746964722,0.49271329559627874,0.5332533448004765,0.5841668548795707,0.6416415396060654,0.7069624755286817,0.776293902729604,0.8166704183524681,0.8508718352950381,0.8840860551078895,0.917744092955602,0.9564864877139149,1.0,0.9606190934636409,0.9289569167949854,0.8984694693903144,0.8666159266607611,0.7333262209809287,-0.013070483177494829,0.09162379780437234,0.18032721827279466,-0.018416382517693654,-0.05056765645661049,-0.11633772291491119
enc_paym_20,-0.00698556792080674,0.02006768155363058,0.1278939072976979,-0.026702168023129667,-0.013520525259193037,0.12075720354472816,-0.18569916299220934,0.016733550347562246,-0.052995163333942275,0.03270956389042652,0.020592010649361978,-0.019802589276845816,0.00012090596285437839,0.013841926095876268,0.016945906859277073,0.08381128664161869,0.12250693452813577,-0.01594717289615251,0.003581478303631896,0.0017740095416569105,0.19414485870690545,0.15050641667292533,0.10955599030594808,0.06757983958898403,0.04462104566485165,0.06602278145113767,-0.06708365773645758,0.055778641011198116,0.0807277688619937,0.08086327526588113,0.12284862448207567,0.08326354742293764,0.1604346534792646,0.20983671283456132,0.2526649432597449,0.29504715009012716,0.3366485849308166,0.3866542963769856,0.4373312007050604,0.476427874053802,0.5156279285992986,0.5648970639670646,0.6205477271118823,0.6837607991730202,0.7508108205821511,0.7898223031160789,0.8227973690305825,0.854736038322105,0.8869404277882813,0.9236251892411557,0.9606190934636409,1.0,0.9620061964746307,0.9297016783304032,0.8964214282173016,0.7586394171697867,-0.013344240517963925,0.08895196659456299,0.17900022803008256,-0.01838019605012178,-0.050880100738548276,-0.11623721421585685
enc_paym_21,-0.005746572876217982,0.019548445066832926,0.12928572794014542,-0.025029478799021475,-0.01305173042632941,0.12179081278656971,-0.17984696368287167,0.015859646162910985,-0.05232660521943143,0.03185299985293716,0.02161276908237905,-0.01969380861569434,0.00011734643837493748,0.014260861608955908,0.016902781018201404,0.08631454701851955,0.12575079008058102,-0.016880915007527426,0.0035089170564653357,0.0009026042054645043,0.1956351884728316,0.150993152803731,0.11301313840554714,0.07060369446651277,0.04779073847580095,0.0640275293458684,-0.06790546212250327,0.057297276389102654,0.07814151806352466,0.08163760501673842,0.12341098941454286,0.07932120639709919,0.15430247230394867,0.20243285071259418,0.24405280833492987,0.28527438664374866,0.3256444454049493,0.37418700899516183,0.4234045065507423,0.4612150531342438,0.4993319192509071,0.5470633806153441,0.6009969173890131,0.6623075130772292,0.7272756893558933,0.7649771639190527,0.7968817313985779,0.8277184454001275,0.8587122126957039,0.8938962924338529,0.9289569167949854,0.9620061964746307,1.0,0.9614489350694309,0.9263033189245273,0.7839494928545894,-0.01351442081662114,0.08617677459604739,0.17765779566900403,-0.018361703159597044,-0.05111648933369936,-0.11574094412507274
enc_paym_22,-0.004693622230360878,0.018947459850435795,0.13032100926441856,-0.026817753494499302,-0.012241136749774792,0.12248600189400374,-0.17389268230928603,0.015837016441603034,-0.051922327572096576,0.03113057551944099,0.022692058370181675,-0.019766340069463772,0.00011381631193752977,0.015044869477121013,0.01647118452682177,0.0892725738979546,0.12919939531027333,-0.017788472719288132,0.0039175452900746845,-0.0001659705006136534,0.19704914757989977,0.15152007393025704,0.11674425094623607,0.07375238977538173,0.05094844232144051,0.061731011976724405,-0.06830087898491884,0.058612194830008235,0.07595071069351547,0.0819091586841909,0.12342897317679272,0.07541675930154154,0.14814898505528945,0.19505585631332406,0.23552910157776197,0.27553853847903015,0.31479147350022063,0.3618622526191334,0.409589643232655,0.4462919456257884,0.48312158743078915,0.5294810775061806,0.5817114906290134,0.6410816685449089,0.7040500042614671,0.7405364658076755,0.7713252801977075,0.8011136914699254,0.8309882991451633,0.8648312065535709,0.8984694693903144,0.9297016783304032,0.9614489350694309,1.0,0.9585144289757426,0.8108881866844346,-0.01367182654281483,0.08421180116663324,0.1761787945535291,-0.018347862782813903,-0.052177781033748594,-0.11580685586232252
enc_paym_23,-0.0041309329145574215,0.01839386064424053,0.13057168345821188,-0.03175856109057618,-0.011066324585890389,0.12232787991571295,-0.16667209569831806,0.01686840741864315,-0.052410564025218695,0.03050851070095845,0.023718410158626177,-0.019830423702480497,0.00011005132681261069,0.016325828721098255,0.015509928398255797,0.09220326808585971,0.13250886193767156,-0.018521095779426934,0.004319119761986428,-0.0011883772510717873,0.19724263032750466,0.1515707989223107,0.12019443701737982,0.07686733072500804,0.05404523137956706,0.061486634038999656,-0.0695381663577848,0.06086781739753058,0.07636499176623102,0.08314885745691321,0.12365614665525596,0.07157266106527957,0.14188952382071662,0.18736578806668316,0.22661338141074888,0.2653633979276271,0.3033385425444937,0.348938234839146,0.3950535914668496,0.43052661317435625,0.46615893946136056,0.5108384768585098,0.5613957538272808,0.6187132067309005,0.679465778307097,0.7146839783990045,0.7443903096055539,0.7730289991246327,0.8018138580877834,0.8343711978693821,0.8666159266607611,0.8964214282173016,0.9263033189245273,0.9585144289757426,1.0,0.8420967202857398,-0.014034203355491742,0.08504225767319235,0.17542760381865177,-0.018349300027845062,-0.05446982648304548,-0.1183164114636588
enc_paym_24,-0.015422446452889533,0.013910010677025218,0.11328092289867125,-0.035225697209776224,-0.006846439183035973,0.06733745412666943,-0.11514575835470196,-0.0522425453981385,-0.03935317431565157,0.031997084176420436,0.06418461731504728,-0.011044501015146334,9.349988687130986e-05,0.006259086881870167,0.0486632488291208,0.10897916884860523,0.08036253986570048,-0.022712191359393476,0.005777076328188429,-0.004606246702359746,0.23950308591298422,0.07040612090766604,0.14555519648477416,0.0989109138355989,0.0751105794793233,0.07501092184468669,-0.10268669538453841,0.056486323890386964,0.09591272892332675,0.12043767475727753,0.0294161448823567,0.05055348230627906,0.11404318463558645,0.15308391279068975,0.18740627540700094,0.22078904975811678,0.2533678784438088,0.2924792071272568,0.3319021737685843,0.36216763123830126,0.39258655794131225,0.43067618189321105,0.47361045679288666,0.5224406253556454,0.5740081699650115,0.603951131141888,0.6293238184075014,0.6536785878298768,0.6781507273081814,0.7058664552264462,0.7333262209809287,0.7586394171697867,0.7839494928545894,0.8108881866844346,0.8420967202857398,1.0,-0.02701643248818651,0.08048049810526221,0.1767257867496633,-0.021801556588379296,0.0889308275934754,-0.10380477581871057
enc_loans_account_holder_type,0.009642517763383006,-0.007219531121691858,-0.014268471838206665,-0.0012650544655779064,-0.004932196137565685,-0.0437675118004255,-0.006852129985930235,-0.06973347826152017,0.020610583299193557,-0.06923955671847964,0.01180743101571847,-0.11983681811606942,-2.4093137938571275e-05,-0.0033195247577359,-0.010899525607397367,-0.000906229803292721,0.006156496982632882,0.0003748046668197353,-0.0003243280194346521,-0.0015848468343621414,0.0050410665560902575,0.030407270260738407,0.0102117458778156,0.009211442686066268,0.009111889931358455,-0.06683156513772168,0.09716828456688804,-0.0800709915646139,-0.08301659875159148,-0.11071356029075946,-0.058948096580975745,0.15126540444792533,0.0936250832621604,0.07583675632184972,0.06331930888201301,0.05278483017223981,0.043651661201798427,0.03327695059370133,0.024384406174893868,0.019041543282727957,0.014482594580414438,0.008602486053822356,0.0025619094366903434,-0.0034485304017260058,-0.008364180884508547,-0.009874800225668152,-0.010789391797990244,-0.011467429484149467,-0.011989326516354698,-0.012887525473484356,-0.013070483177494829,-0.013344240517963925,-0.01351442081662114,-0.01367182654281483,-0.014034203355491742,-0.02701643248818651,1.0,-0.10253228090125555,-0.30457874399814566,0.011496613935912002,0.05579037644195488,0.08287790330572999
enc_loans_credit_status,0.003980570808787055,-0.003365152609485376,-0.1608988374108874,0.020270748171568858,0.03247921094021921,0.15202927124465077,0.012175548796246436,0.10387847039093412,-0.1989709526975278,0.022338286177233574,-0.13723164173252236,0.012285999290834612,0.00013110474348509217,-0.00791417182959134,-0.06762617362627157,0.036989644466687815,-0.012980615899973782,-0.006720966251117429,0.0029891275601072725,0.008294859493809665,0.027905097825380486,-0.0839104062303267,-0.07620867875118444,-0.0827215789106428,-0.1043301358245415,0.5140952649694517,0.060147827910511945,-0.04548809092899407,0.6709207442039187,-0.046241160351844446,-0.03723497275397332,0.03353431188637148,0.017235124357739814,0.009772075326424025,0.003165153546043988,0.003123176233022878,0.0027935583289667937,0.015596927016831458,0.030667239763189552,0.03057442391617033,0.031061993757546133,0.04240523638248815,0.05919988100934023,0.08134947919069725,0.10499380639905709,0.10528285901869947,0.10136092161705992,0.09709080881503157,0.09333654974848417,0.09263820762816603,0.09162379780437234,0.08895196659456299,0.08617677459604739,0.08421180116663324,0.08504225767319235,0.08048049810526221,-0.10253228090125555,1.0,0.20410855604219283,0.025014521179476508,-0.22772808220749152,-0.6124627446093022
enc_loans_credit_type,0.1040550024726499,0.024844677543399703,0.09410889649332999,0.009967108431725595,-0.04121892652401596,0.13027479754065974,0.0029321754351307517,0.17547269219703687,-0.026427112069670803,0.10972905617080256,-0.034299191083295946,0.12665403937723163,9.944578976314573e-05,0.002969511049206225,0.03201876180914011,0.02228262203084745,0.00866470417611904,-0.004649172119449202,0.0020499351138545145,-0.004810564473353357,0.06088939640215028,-0.04543948011217091,0.021090125215374345,0.016379330373962622,0.018578078720605545,0.1772274640689949,-0.14591556256721802,0.10893185718689433,0.21518190577691235,0.16739397172441925,0.09396202655196563,-0.038849218680008936,0.022507022857389102,0.04076138871607307,0.05262924692114311,0.06305505492474765,0.07161328195725238,0.08478211277364804,0.10684046752028839,0.11334290732523196,0.11957934801475147,0.12695930579838355,0.14328605262631766,0.15559697200818334,0.17539213335364828,0.17876776805442737,0.17913144297085176,0.17854519684538236,0.1780267935839304,0.17916559393784087,0.18032721827279466,0.17900022803008256,0.17765779566900403,0.1761787945535291,0.17542760381865177,0.1767257867496633,-0.30457874399814566,0.20410855604219283,1.0,-0.040375226818562385,-0.16453293409635206,-0.21269880197463928
enc_loans_account_cur,-0.003902599458240828,-0.00296155687512469,-0.032370176458461256,0.025099352363173295,-0.006669190343354559,0.008186930967994749,0.01642748240518081,-0.0014250152233543053,-0.016413951058019273,-0.02490528624390272,-0.003376009105531856,-0.0018412287324203994,0.004417758359002588,-0.005082751073139358,-0.013967521188107075,0.0010646785318868242,-0.007141945019171529,2.0677318859966793e-05,0.0002534121189816275,0.000427478997567125,0.002339980647934303,-0.005841464941070721,-0.009623877700541537,-0.007760996388470038,-0.011168171941912918,0.014741121603806612,-0.004936655621923558,0.007863205189052834,0.01946982724993368,0.0055937614166791825,0.007039593695321119,0.003792202246036088,0.0033277108292269074,0.001567923699724909,0.0003260155794451048,-0.0011819954362782099,-0.0031597516181823236,-0.005576295435754078,-0.007454090555234747,-0.008749577421844712,-0.0100635798022028,-0.011634741110636872,-0.013533290490638634,-0.015368210529259267,-0.016811315147814636,-0.017289289520950848,-0.017723496934875387,-0.017992890439657436,-0.018084441319900686,-0.01823345647542269,-0.018416382517693654,-0.01838019605012178,-0.018361703159597044,-0.018347862782813903,-0.018349300027845062,-0.021801556588379296,0.011496613935912002,0.025014521179476508,-0.040375226818562385,1.0,-0.012728341589444362,-0.016545154785235716
pclose_flag,-0.017390942810302793,0.0007020206092861887,-0.004723971920919461,-0.021722634184743298,0.009792031586387175,-0.33798462528228634,0.018920579918210518,-0.4935027775325471,0.15136202194813786,0.03273374758554094,0.07697772655800558,0.0410612720122683,-8.835152436425927e-05,0.032239954525694774,0.03092537025411025,0.02486202372861512,-0.03939020223321564,-0.007185878499877719,0.0029254640126002854,-0.0012494659052145881,0.09617284425030755,-0.06354055514506371,0.02092480079811185,0.00561354728046952,-0.009096022080886489,-0.1262296516889698,0.12482081845620284,-0.1761326709631026,-0.163621557769535,-0.1404094154410028,-0.24376315288645575,0.14967882040997546,0.10648554158794699,0.08275766582044118,0.06969316542628011,0.053676412206389405,0.04449389033023436,0.026959257764911315,0.010024538258191844,0.006145451679219696,0.00203338976347611,-0.008936599237685115,-0.022472706840785697,-0.03711036207050978,-0.05100537947489626,-0.05007364146141512,-0.048287448507676516,-0.04751284115086575,-0.04724876875719652,-0.04894714669139675,-0.05056765645661049,-0.050880100738548276,-0.05111648933369936,-0.052177781033748594,-0.05446982648304548,0.0889308275934754,0.05579037644195488,-0.22772808220749152,-0.16453293409635206,-0.012728341589444362,1.0,0.40758580731549165
fclose_flag,-0.015190009952314598,0.007571030131160407,0.09894155125175971,-0.023312940982480684,-0.02952147770684039,-0.2160667242097788,-0.04054846109810323,-0.1966948584020708,0.3414864437290631,-0.0018896238956899504,0.03760703128058448,0.01869827145562216,-0.00011745192764757014,0.007719067517030291,-0.020519775587919193,-0.05609813609443006,0.00758422321170311,0.01126566707607735,-0.004296645259657098,0.010028318049187458,-0.09010686396996813,0.077071065641646,0.007868582555975048,0.012184140665101035,0.012162583205089896,-0.35589772513539986,0.08375669776475957,-0.05990420950671149,-0.4630310426788981,-0.09635124641311935,-0.08120280781631262,0.032527479273188394,0.04644744671781845,0.0593333986599896,0.053793011915772494,0.04094160737200357,0.031150963849197907,0.009245434686789128,-0.01233650772537653,-0.01930087255080799,-0.02620849905864514,-0.04222846546278212,-0.06243339226279432,-0.08665769868234563,-0.11114864787043102,-0.11483323004656669,-0.1145453428900143,-0.11370309166498693,-0.11290821597955328,-0.1148557279844911,-0.11633772291491119,-0.11623721421585685,-0.11574094412507274,-0.11580685586232252,-0.1183164114636588,-0.10380477581871057,0.08287790330572999,-0.6124627446093022,-0.21269880197463928,-0.016545154785235716,0.40758580731549165,1.0
